sample_id	filename	subject_id	species	pcr_target_locus	tissue	sex	age	biomaterial_provider	single_cell	time_point
5670-LI-2-G1	/vast/palmer/pi/kleinstein/bhs27/CMI-Flu/dataset/aim1/gem1/5670-LI-2/vdj_t/airr_rearrangement.tsv	s5670	human	TR	blood	NA	NA	peters_lab	TRUE	D0
5670-LI-5-G1	/vast/palmer/pi/kleinstein/bhs27/CMI-Flu/dataset/aim1/gem1/5670-LI-5/vdj_t/airr_rearrangement.tsv	s5670	human	TR	blood	NA	NA	peters_lab	TRUE	D7
6834-LI-2-G1	/vast/palmer/pi/kleinstein/bhs27/CMI-Flu/dataset/aim1/gem1/6834-LI-2/vdj_t/airr_rearrangement.tsv	s6834	human	TR	blood	NA	NA	peters_lab	TRUE	D0
6834-LI-5-G1	/vast/palmer/pi/kleinstein/bhs27/CMI-Flu/dataset/aim1/gem1/6834-LI-5/vdj_t/airr_rearrangement.tsv	s6834	human	TR	blood	NA	NA	peters_lab	TRUE	D7
7180-LI-2-G1	/vast/palmer/pi/kleinstein/bhs27/CMI-Flu/dataset/aim1/gem1/7180-LI-2/vdj_t/airr_rearrangement.tsv	s7180	human	TR	blood	NA	NA	peters_lab	TRUE	D0
7180-LI-5-G1	/vast/palmer/pi/kleinstein/bhs27/CMI-Flu/dataset/aim1/gem1/7180-LI-5/vdj_t/airr_rearrangement.tsv	s7180	human	TR	blood	NA	NA	peters_lab	TRUE	D7
7666-LI-2-G1	/vast/palmer/pi/kleinstein/bhs27/CMI-Flu/dataset/aim1/gem1/7666-LI-2/vdj_t/airr_rearrangement.tsv	s7666	human	TR	blood	NA	NA	peters_lab	TRUE	D0
7666-LI-5-G1	/vast/palmer/pi/kleinstein/bhs27/CMI-Flu/dataset/aim1/gem1/7666-LI-5/vdj_t/airr_rearrangement.tsv	s7666	human	TR	blood	NA	NA	peters_lab	TRUE	D7
7742-LI-2-G1	/vast/palmer/pi/kleinstein/bhs27/CMI-Flu/dataset/aim1/gem1/7742-LI-2/vdj_t/airr_rearrangement.tsv	s7742	human	TR	blood	NA	NA	peters_lab	TRUE	D0
7742-LI-5-G1	/vast/palmer/pi/kleinstein/bhs27/CMI-Flu/dataset/aim1/gem1/7742-LI-5/vdj_t/airr_rearrangement.tsv	s7742	human	TR	blood	NA	NA	peters_lab	TRUE	D7
8713-LI-2-G1	/vast/palmer/pi/kleinstein/bhs27/CMI-Flu/dataset/aim1/gem1/8713-LI-2/vdj_t/airr_rearrangement.tsv	s8713	human	TR	blood	NA	NA	peters_lab	TRUE	D0
8713-LI-5-G1	/vast/palmer/pi/kleinstein/bhs27/CMI-Flu/dataset/aim1/gem1/8713-LI-5/vdj_t/airr_rearrangement.tsv	s8713	human	TR	blood	NA	NA	peters_lab	TRUE	D7
9307-LI-2-G1	/vast/palmer/pi/kleinstein/bhs27/CMI-Flu/dataset/aim1/gem1/9307-LI-2/vdj_t/airr_rearrangement.tsv	s9307	human	TR	blood	NA	NA	peters_lab	TRUE	D0
9307-LI-5-G1	/vast/palmer/pi/kleinstein/bhs27/CMI-Flu/dataset/aim1/gem1/9307-LI-5/vdj_t/airr_rearrangement.tsv	s9307	human	TR	blood	NA	NA	peters_lab	TRUE	D7
9523-LI-2-G1	/vast/palmer/pi/kleinstein/bhs27/CMI-Flu/dataset/aim1/gem1/9523-LI-2/vdj_t/airr_rearrangement.tsv	s9523	human	TR	blood	NA	NA	peters_lab	TRUE	D0
9523-LI-5-G1	/vast/palmer/pi/kleinstein/bhs27/CMI-Flu/dataset/aim1/gem1/9523-LI-5/vdj_t/airr_rearrangement.tsv	s9523	human	TR	blood	NA	NA	peters_lab	TRUE	D7
9526-LI-2-G1	/vast/palmer/pi/kleinstein/bhs27/CMI-Flu/dataset/aim1/gem1/9526-LI-2/vdj_t/airr_rearrangement.tsv	s9526	human	TR	blood	NA	NA	peters_lab	TRUE	D0
9526-LI-5-G1	/vast/palmer/pi/kleinstein/bhs27/CMI-Flu/dataset/aim1/gem1/9526-LI-5/vdj_t/airr_rearrangement.tsv	s9526	human	TR	blood	NA	NA	peters_lab	TRUE	D7
9527-LI-2-G1	/vast/palmer/pi/kleinstein/bhs27/CMI-Flu/dataset/aim1/gem1/9527-LI-2/vdj_t/airr_rearrangement.tsv	s9527	human	TR	blood	NA	NA	peters_lab	TRUE	D0
9527-LI-5-G1	/vast/palmer/pi/kleinstein/bhs27/CMI-Flu/dataset/aim1/gem1/9527-LI-5/vdj_t/airr_rearrangement.tsv	s9527	human	TR	blood	NA	NA	peters_lab	TRUE	D7
5670-LI-2-G2	/vast/palmer/pi/kleinstein/bhs27/CMI-Flu/dataset/aim1/gem2/5670-LI-2/vdj_t/airr_rearrangement.tsv	s5670	human	TR	blood	NA	NA	peters_lab	TRUE	D0
5670-LI-5-G2	/vast/palmer/pi/kleinstein/bhs27/CMI-Flu/dataset/aim1/gem2/5670-LI-5/vdj_t/airr_rearrangement.tsv	s5670	human	TR	blood	NA	NA	peters_lab	TRUE	D7
6834-LI-2-G2	/vast/palmer/pi/kleinstein/bhs27/CMI-Flu/dataset/aim1/gem2/6834-LI-2/vdj_t/airr_rearrangement.tsv	s6834	human	TR	blood	NA	NA	peters_lab	TRUE	D0
6834-LI-5-G2	/vast/palmer/pi/kleinstein/bhs27/CMI-Flu/dataset/aim1/gem2/6834-LI-5/vdj_t/airr_rearrangement.tsv	s6834	human	TR	blood	NA	NA	peters_lab	TRUE	D7
7180-LI-2-G2	/vast/palmer/pi/kleinstein/bhs27/CMI-Flu/dataset/aim1/gem2/7180-LI-2/vdj_t/airr_rearrangement.tsv	s7180	human	TR	blood	NA	NA	peters_lab	TRUE	D0
7180-LI-5-G2	/vast/palmer/pi/kleinstein/bhs27/CMI-Flu/dataset/aim1/gem2/7180-LI-5/vdj_t/airr_rearrangement.tsv	s7180	human	TR	blood	NA	NA	peters_lab	TRUE	D7
7666-LI-2-G2	/vast/palmer/pi/kleinstein/bhs27/CMI-Flu/dataset/aim1/gem2/7666-LI-2/vdj_t/airr_rearrangement.tsv	s7666	human	TR	blood	NA	NA	peters_lab	TRUE	D0
7666-LI-5-G2	/vast/palmer/pi/kleinstein/bhs27/CMI-Flu/dataset/aim1/gem2/7666-LI-5/vdj_t/airr_rearrangement.tsv	s7666	human	TR	blood	NA	NA	peters_lab	TRUE	D7
7742-LI-2-G2	/vast/palmer/pi/kleinstein/bhs27/CMI-Flu/dataset/aim1/gem2/7742-LI-2/vdj_t/airr_rearrangement.tsv	s7742	human	TR	blood	NA	NA	peters_lab	TRUE	D0
7742-LI-5-G2	/vast/palmer/pi/kleinstein/bhs27/CMI-Flu/dataset/aim1/gem2/7742-LI-5/vdj_t/airr_rearrangement.tsv	s7742	human	TR	blood	NA	NA	peters_lab	TRUE	D7
8713-LI-2-G2	/vast/palmer/pi/kleinstein/bhs27/CMI-Flu/dataset/aim1/gem2/8713-LI-2/vdj_t/airr_rearrangement.tsv	s8713	human	TR	blood	NA	NA	peters_lab	TRUE	D0
8713-LI-5-G2	/vast/palmer/pi/kleinstein/bhs27/CMI-Flu/dataset/aim1/gem2/8713-LI-5/vdj_t/airr_rearrangement.tsv	s8713	human	TR	blood	NA	NA	peters_lab	TRUE	D7
9307-LI-2-G2	/vast/palmer/pi/kleinstein/bhs27/CMI-Flu/dataset/aim1/gem2/9307-LI-2/vdj_t/airr_rearrangement.tsv	s9307	human	TR	blood	NA	NA	peters_lab	TRUE	D0
9307-LI-5-G2	/vast/palmer/pi/kleinstein/bhs27/CMI-Flu/dataset/aim1/gem2/9307-LI-5/vdj_t/airr_rearrangement.tsv	s9307	human	TR	blood	NA	NA	peters_lab	TRUE	D7
9523-LI-2-G2	/vast/palmer/pi/kleinstein/bhs27/CMI-Flu/dataset/aim1/gem2/9523-LI-2/vdj_t/airr_rearrangement.tsv	s9523	human	TR	blood	NA	NA	peters_lab	TRUE	D0
9523-LI-5-G2	/vast/palmer/pi/kleinstein/bhs27/CMI-Flu/dataset/aim1/gem2/9523-LI-5/vdj_t/airr_rearrangement.tsv	s9523	human	TR	blood	NA	NA	peters_lab	TRUE	D7
9526-LI-2-G2	/vast/palmer/pi/kleinstein/bhs27/CMI-Flu/dataset/aim1/gem2/9526-LI-2/vdj_t/airr_rearrangement.tsv	s9526	human	TR	blood	NA	NA	peters_lab	TRUE	D0
9526-LI-5-G2	/vast/palmer/pi/kleinstein/bhs27/CMI-Flu/dataset/aim1/gem2/9526-LI-5/vdj_t/airr_rearrangement.tsv	s9526	human	TR	blood	NA	NA	peters_lab	TRUE	D7
9527-LI-2-G2	/vast/palmer/pi/kleinstein/bhs27/CMI-Flu/dataset/aim1/gem2/9527-LI-2/vdj_t/airr_rearrangement.tsv	s9527	human	TR	blood	NA	NA	peters_lab	TRUE	D0
9527-LI-5-G2	/vast/palmer/pi/kleinstein/bhs27/CMI-Flu/dataset/aim1/gem2/9527-LI-5/vdj_t/airr_rearrangement.tsv	s9527	human	TR	blood	NA	NA	peters_lab	TRUE	D7
2491-LI-2-G1	/vast/palmer/pi/kleinstein/bhs27/CMI-Flu/dataset/aim2/gem1/2491-LI-2/vdj_t/airr_rearrangement.tsv	s2491	human	TR	blood	NA	NA	peters_lab	TRUE	D0
2491-LI-5-G1	/vast/palmer/pi/kleinstein/bhs27/CMI-Flu/dataset/aim2/gem1/2491-LI-5/vdj_t/airr_rearrangement.tsv	s2491	human	TR	blood	NA	NA	peters_lab	TRUE	D7
6307-LI-2-G1	/vast/palmer/pi/kleinstein/bhs27/CMI-Flu/dataset/aim2/gem1/6307-LI-2/vdj_t/airr_rearrangement.tsv	s6307	human	TR	blood	NA	NA	peters_lab	TRUE	D0
6307-LI-5-G1	/vast/palmer/pi/kleinstein/bhs27/CMI-Flu/dataset/aim2/gem1/6307-LI-5/vdj_t/airr_rearrangement.tsv	s6307	human	TR	blood	NA	NA	peters_lab	TRUE	D7
6933-LI-2-G1	/vast/palmer/pi/kleinstein/bhs27/CMI-Flu/dataset/aim2/gem1/6933-LI-2/vdj_t/airr_rearrangement.tsv	s6933	human	TR	blood	NA	NA	peters_lab	TRUE	D0
6933-LI-5-G1	/vast/palmer/pi/kleinstein/bhs27/CMI-Flu/dataset/aim2/gem1/6933-LI-5/vdj_t/airr_rearrangement.tsv	s6933	human	TR	blood	NA	NA	peters_lab	TRUE	D7
8715-LI-2-G1	/vast/palmer/pi/kleinstein/bhs27/CMI-Flu/dataset/aim2/gem1/8715-LI-2/vdj_t/airr_rearrangement.tsv	s8715	human	TR	blood	NA	NA	peters_lab	TRUE	D0
8715-LI-5-G1	/vast/palmer/pi/kleinstein/bhs27/CMI-Flu/dataset/aim2/gem1/8715-LI-5/vdj_t/airr_rearrangement.tsv	s8715	human	TR	blood	NA	NA	peters_lab	TRUE	D7
8812-LI-2-G1	/vast/palmer/pi/kleinstein/bhs27/CMI-Flu/dataset/aim2/gem1/8812-LI-2/vdj_t/airr_rearrangement.tsv	s8812	human	TR	blood	NA	NA	peters_lab	TRUE	D0
8812-LI-5-G1	/vast/palmer/pi/kleinstein/bhs27/CMI-Flu/dataset/aim2/gem1/8812-LI-5/vdj_t/airr_rearrangement.tsv	s8812	human	TR	blood	NA	NA	peters_lab	TRUE	D7
8871-LI-2-G1	/vast/palmer/pi/kleinstein/bhs27/CMI-Flu/dataset/aim2/gem1/8871-LI-2/vdj_t/airr_rearrangement.tsv	s8871	human	TR	blood	NA	NA	peters_lab	TRUE	D0
8871-LI-5-G1	/vast/palmer/pi/kleinstein/bhs27/CMI-Flu/dataset/aim2/gem1/8871-LI-5/vdj_t/airr_rearrangement.tsv	s8871	human	TR	blood	NA	NA	peters_lab	TRUE	D7
9108-LI-2-G1	/vast/palmer/pi/kleinstein/bhs27/CMI-Flu/dataset/aim2/gem1/9108-LI-2/vdj_t/airr_rearrangement.tsv	s9108	human	TR	blood	NA	NA	peters_lab	TRUE	D0
9108-LI-5-G1	/vast/palmer/pi/kleinstein/bhs27/CMI-Flu/dataset/aim2/gem1/9108-LI-5/vdj_t/airr_rearrangement.tsv	s9108	human	TR	blood	NA	NA	peters_lab	TRUE	D7
9324-LI-2-G1	/vast/palmer/pi/kleinstein/bhs27/CMI-Flu/dataset/aim2/gem1/9324-LI-2/vdj_t/airr_rearrangement.tsv	s9324	human	TR	blood	NA	NA	peters_lab	TRUE	D0
9324-LI-5-G1	/vast/palmer/pi/kleinstein/bhs27/CMI-Flu/dataset/aim2/gem1/9324-LI-5/vdj_t/airr_rearrangement.tsv	s9324	human	TR	blood	NA	NA	peters_lab	TRUE	D7
9551-LI-2-G1	/vast/palmer/pi/kleinstein/bhs27/CMI-Flu/dataset/aim2/gem1/9551-LI-2/vdj_t/airr_rearrangement.tsv	s9551	human	TR	blood	NA	NA	peters_lab	TRUE	D0
9551-LI-5-G1	/vast/palmer/pi/kleinstein/bhs27/CMI-Flu/dataset/aim2/gem1/9551-LI-5/vdj_t/airr_rearrangement.tsv	s9551	human	TR	blood	NA	NA	peters_lab	TRUE	D7
9552-LI-2-G1	/vast/palmer/pi/kleinstein/bhs27/CMI-Flu/dataset/aim2/gem1/9552-LI-2/vdj_t/airr_rearrangement.tsv	s9552	human	TR	blood	NA	NA	peters_lab	TRUE	D0
9552-LI-5-G1	/vast/palmer/pi/kleinstein/bhs27/CMI-Flu/dataset/aim2/gem1/9552-LI-5/vdj_t/airr_rearrangement.tsv	s9552	human	TR	blood	NA	NA	peters_lab	TRUE	D7
2491-LI-2-G2	/vast/palmer/pi/kleinstein/bhs27/CMI-Flu/dataset/aim2/gem2/2491-LI-2/vdj_t/airr_rearrangement.tsv	s2491	human	TR	blood	NA	NA	peters_lab	TRUE	D0
2491-LI-5-G2	/vast/palmer/pi/kleinstein/bhs27/CMI-Flu/dataset/aim2/gem2/2491-LI-5/vdj_t/airr_rearrangement.tsv	s2491	human	TR	blood	NA	NA	peters_lab	TRUE	D7
6307-LI-2-G2	/vast/palmer/pi/kleinstein/bhs27/CMI-Flu/dataset/aim2/gem2/6307-LI-2/vdj_t/airr_rearrangement.tsv	s6307	human	TR	blood	NA	NA	peters_lab	TRUE	D0
6307-LI-5-G2	/vast/palmer/pi/kleinstein/bhs27/CMI-Flu/dataset/aim2/gem2/6307-LI-5/vdj_t/airr_rearrangement.tsv	s6307	human	TR	blood	NA	NA	peters_lab	TRUE	D7
6933-LI-2-G2	/vast/palmer/pi/kleinstein/bhs27/CMI-Flu/dataset/aim2/gem2/6933-LI-2/vdj_t/airr_rearrangement.tsv	s6933	human	TR	blood	NA	NA	peters_lab	TRUE	D0
6933-LI-5-G2	/vast/palmer/pi/kleinstein/bhs27/CMI-Flu/dataset/aim2/gem2/6933-LI-5/vdj_t/airr_rearrangement.tsv	s6933	human	TR	blood	NA	NA	peters_lab	TRUE	D7
8715-LI-2-G2	/vast/palmer/pi/kleinstein/bhs27/CMI-Flu/dataset/aim2/gem2/8715-LI-2/vdj_t/airr_rearrangement.tsv	s8715	human	TR	blood	NA	NA	peters_lab	TRUE	D0
8715-LI-5-G2	/vast/palmer/pi/kleinstein/bhs27/CMI-Flu/dataset/aim2/gem2/8715-LI-5/vdj_t/airr_rearrangement.tsv	s8715	human	TR	blood	NA	NA	peters_lab	TRUE	D7
8812-LI-2-G2	/vast/palmer/pi/kleinstein/bhs27/CMI-Flu/dataset/aim2/gem2/8812-LI-2/vdj_t/airr_rearrangement.tsv	s8812	human	TR	blood	NA	NA	peters_lab	TRUE	D0
8812-LI-5-G2	/vast/palmer/pi/kleinstein/bhs27/CMI-Flu/dataset/aim2/gem2/8812-LI-5/vdj_t/airr_rearrangement.tsv	s8812	human	TR	blood	NA	NA	peters_lab	TRUE	D7
8871-LI-2-G2	/vast/palmer/pi/kleinstein/bhs27/CMI-Flu/dataset/aim2/gem2/8871-LI-2/vdj_t/airr_rearrangement.tsv	s8871	human	TR	blood	NA	NA	peters_lab	TRUE	D0
8871-LI-5-G2	/vast/palmer/pi/kleinstein/bhs27/CMI-Flu/dataset/aim2/gem2/8871-LI-5/vdj_t/airr_rearrangement.tsv	s8871	human	TR	blood	NA	NA	peters_lab	TRUE	D7
9108-LI-2-G2	/vast/palmer/pi/kleinstein/bhs27/CMI-Flu/dataset/aim2/gem2/9108-LI-2/vdj_t/airr_rearrangement.tsv	s9108	human	TR	blood	NA	NA	peters_lab	TRUE	D0
9108-LI-5-G2	/vast/palmer/pi/kleinstein/bhs27/CMI-Flu/dataset/aim2/gem2/9108-LI-5/vdj_t/airr_rearrangement.tsv	s9108	human	TR	blood	NA	NA	peters_lab	TRUE	D7
9324-LI-2-G2	/vast/palmer/pi/kleinstein/bhs27/CMI-Flu/dataset/aim2/gem2/9324-LI-2/vdj_t/airr_rearrangement.tsv	s9324	human	TR	blood	NA	NA	peters_lab	TRUE	D0
9324-LI-5-G2	/vast/palmer/pi/kleinstein/bhs27/CMI-Flu/dataset/aim2/gem2/9324-LI-5/vdj_t/airr_rearrangement.tsv	s9324	human	TR	blood	NA	NA	peters_lab	TRUE	D7
9551-LI-2-G2	/vast/palmer/pi/kleinstein/bhs27/CMI-Flu/dataset/aim2/gem2/9551-LI-2/vdj_t/airr_rearrangement.tsv	s9551	human	TR	blood	NA	NA	peters_lab	TRUE	D0
9551-LI-5-G2	/vast/palmer/pi/kleinstein/bhs27/CMI-Flu/dataset/aim2/gem2/9551-LI-5/vdj_t/airr_rearrangement.tsv	s9551	human	TR	blood	NA	NA	peters_lab	TRUE	D7
9552-LI-2-G2	/vast/palmer/pi/kleinstein/bhs27/CMI-Flu/dataset/aim2/gem2/9552-LI-2/vdj_t/airr_rearrangement.tsv	s9552	human	TR	blood	NA	NA	peters_lab	TRUE	D0
9552-LI-5-G2	/vast/palmer/pi/kleinstein/bhs27/CMI-Flu/dataset/aim2/gem2/9552-LI-5/vdj_t/airr_rearrangement.tsv	s9552	human	TR	blood	NA	NA	peters_lab	TRUE	D7
1829-LI-2-G1	/vast/palmer/pi/kleinstein/bhs27/CMI-Flu/dataset/aim3/gem1/1829-LI-2/vdj_t/airr_rearrangement.tsv	s1829	human	TR	blood	NA	NA	peters_lab	TRUE	D0
1829-LI-5-G1	/vast/palmer/pi/kleinstein/bhs27/CMI-Flu/dataset/aim3/gem1/1829-LI-5/vdj_t/airr_rearrangement.tsv	s1829	human	TR	blood	NA	NA	peters_lab	TRUE	D7
4655-LI-2-G1	/vast/palmer/pi/kleinstein/bhs27/CMI-Flu/dataset/aim3/gem1/4655-LI-2/vdj_t/airr_rearrangement.tsv	s4655	human	TR	blood	NA	NA	peters_lab	TRUE	D0
4655-LI-5-G1	/vast/palmer/pi/kleinstein/bhs27/CMI-Flu/dataset/aim3/gem1/4655-LI-5/vdj_t/airr_rearrangement.tsv	s4655	human	TR	blood	NA	NA	peters_lab	TRUE	D7
7802-LI-2-G1	/vast/palmer/pi/kleinstein/bhs27/CMI-Flu/dataset/aim3/gem1/7802-LI-2/vdj_t/airr_rearrangement.tsv	s7802	human	TR	blood	NA	NA	peters_lab	TRUE	D0
7802-LI-5-G1	/vast/palmer/pi/kleinstein/bhs27/CMI-Flu/dataset/aim3/gem1/7802-LI-5/vdj_t/airr_rearrangement.tsv	s7802	human	TR	blood	NA	NA	peters_lab	TRUE	D7
8873-LI-2-G1	/vast/palmer/pi/kleinstein/bhs27/CMI-Flu/dataset/aim3/gem1/8873-LI-2/vdj_t/airr_rearrangement.tsv	s8873	human	TR	blood	NA	NA	peters_lab	TRUE	D0
8873-LI-5-G1	/vast/palmer/pi/kleinstein/bhs27/CMI-Flu/dataset/aim3/gem1/8873-LI-5/vdj_t/airr_rearrangement.tsv	s8873	human	TR	blood	NA	NA	peters_lab	TRUE	D7
9315-LI-2-G1	/vast/palmer/pi/kleinstein/bhs27/CMI-Flu/dataset/aim3/gem1/9315-LI-2/vdj_t/airr_rearrangement.tsv	s9315	human	TR	blood	NA	NA	peters_lab	TRUE	D0
9315-LI-5-G1	/vast/palmer/pi/kleinstein/bhs27/CMI-Flu/dataset/aim3/gem1/9315-LI-5/vdj_t/airr_rearrangement.tsv	s9315	human	TR	blood	NA	NA	peters_lab	TRUE	D7
9320-LI-2-G1	/vast/palmer/pi/kleinstein/bhs27/CMI-Flu/dataset/aim3/gem1/9320-LI-2/vdj_t/airr_rearrangement.tsv	s9320	human	TR	blood	NA	NA	peters_lab	TRUE	D0
9320-LI-5-G1	/vast/palmer/pi/kleinstein/bhs27/CMI-Flu/dataset/aim3/gem1/9320-LI-5/vdj_t/airr_rearrangement.tsv	s9320	human	TR	blood	NA	NA	peters_lab	TRUE	D7
9331-LI-2-G1	/vast/palmer/pi/kleinstein/bhs27/CMI-Flu/dataset/aim3/gem1/9331-LI-2/vdj_t/airr_rearrangement.tsv	s9331	human	TR	blood	NA	NA	peters_lab	TRUE	D0
9331-LI-5-G1	/vast/palmer/pi/kleinstein/bhs27/CMI-Flu/dataset/aim3/gem1/9331-LI-5/vdj_t/airr_rearrangement.tsv	s9331	human	TR	blood	NA	NA	peters_lab	TRUE	D7
9553-LI-2-G1	/vast/palmer/pi/kleinstein/bhs27/CMI-Flu/dataset/aim3/gem1/9553-LI-2/vdj_t/airr_rearrangement.tsv	s9553	human	TR	blood	NA	NA	peters_lab	TRUE	D0
9553-LI-5-G1	/vast/palmer/pi/kleinstein/bhs27/CMI-Flu/dataset/aim3/gem1/9553-LI-5/vdj_t/airr_rearrangement.tsv	s9553	human	TR	blood	NA	NA	peters_lab	TRUE	D7
9554-LI-2-G1	/vast/palmer/pi/kleinstein/bhs27/CMI-Flu/dataset/aim3/gem1/9554-LI-2/vdj_t/airr_rearrangement.tsv	s9554	human	TR	blood	NA	NA	peters_lab	TRUE	D0
9554-LI-5-G1	/vast/palmer/pi/kleinstein/bhs27/CMI-Flu/dataset/aim3/gem1/9554-LI-5/vdj_t/airr_rearrangement.tsv	s9554	human	TR	blood	NA	NA	peters_lab	TRUE	D7
9556-LI-2-G1	/vast/palmer/pi/kleinstein/bhs27/CMI-Flu/dataset/aim3/gem1/9556-LI-2/vdj_t/airr_rearrangement.tsv	s9556	human	TR	blood	NA	NA	peters_lab	TRUE	D0
9556-LI-5-G1	/vast/palmer/pi/kleinstein/bhs27/CMI-Flu/dataset/aim3/gem1/9556-LI-5/vdj_t/airr_rearrangement.tsv	s9556	human	TR	blood	NA	NA	peters_lab	TRUE	D7
1829-LI-2-G2	/vast/palmer/pi/kleinstein/bhs27/CMI-Flu/dataset/aim3/gem2/1829-LI-2/vdj_t/airr_rearrangement.tsv	s1829	human	TR	blood	NA	NA	peters_lab	TRUE	D0
1829-LI-5-G2	/vast/palmer/pi/kleinstein/bhs27/CMI-Flu/dataset/aim3/gem2/1829-LI-5/vdj_t/airr_rearrangement.tsv	s1829	human	TR	blood	NA	NA	peters_lab	TRUE	D7
4655-LI-2-G2	/vast/palmer/pi/kleinstein/bhs27/CMI-Flu/dataset/aim3/gem2/4655-LI-2/vdj_t/airr_rearrangement.tsv	s4655	human	TR	blood	NA	NA	peters_lab	TRUE	D0
4655-LI-5-G2	/vast/palmer/pi/kleinstein/bhs27/CMI-Flu/dataset/aim3/gem2/4655-LI-5/vdj_t/airr_rearrangement.tsv	s4655	human	TR	blood	NA	NA	peters_lab	TRUE	D7
7802-LI-2-G2	/vast/palmer/pi/kleinstein/bhs27/CMI-Flu/dataset/aim3/gem2/7802-LI-2/vdj_t/airr_rearrangement.tsv	s7802	human	TR	blood	NA	NA	peters_lab	TRUE	D0
7802-LI-5-G2	/vast/palmer/pi/kleinstein/bhs27/CMI-Flu/dataset/aim3/gem2/7802-LI-5/vdj_t/airr_rearrangement.tsv	s7802	human	TR	blood	NA	NA	peters_lab	TRUE	D7
8873-LI-2-G2	/vast/palmer/pi/kleinstein/bhs27/CMI-Flu/dataset/aim3/gem2/8873-LI-2/vdj_t/airr_rearrangement.tsv	s8873	human	TR	blood	NA	NA	peters_lab	TRUE	D0
8873-LI-5-G2	/vast/palmer/pi/kleinstein/bhs27/CMI-Flu/dataset/aim3/gem2/8873-LI-5/vdj_t/airr_rearrangement.tsv	s8873	human	TR	blood	NA	NA	peters_lab	TRUE	D7
9315-LI-2-G2	/vast/palmer/pi/kleinstein/bhs27/CMI-Flu/dataset/aim3/gem2/9315-LI-2/vdj_t/airr_rearrangement.tsv	s9315	human	TR	blood	NA	NA	peters_lab	TRUE	D0
9315-LI-5-G2	/vast/palmer/pi/kleinstein/bhs27/CMI-Flu/dataset/aim3/gem2/9315-LI-5/vdj_t/airr_rearrangement.tsv	s9315	human	TR	blood	NA	NA	peters_lab	TRUE	D7
9320-LI-2-G2	/vast/palmer/pi/kleinstein/bhs27/CMI-Flu/dataset/aim3/gem2/9320-LI-2/vdj_t/airr_rearrangement.tsv	s9320	human	TR	blood	NA	NA	peters_lab	TRUE	D0
9320-LI-5-G2	/vast/palmer/pi/kleinstein/bhs27/CMI-Flu/dataset/aim3/gem2/9320-LI-5/vdj_t/airr_rearrangement.tsv	s9320	human	TR	blood	NA	NA	peters_lab	TRUE	D7
9331-LI-2-G2	/vast/palmer/pi/kleinstein/bhs27/CMI-Flu/dataset/aim3/gem2/9331-LI-2/vdj_t/airr_rearrangement.tsv	s9331	human	TR	blood	NA	NA	peters_lab	TRUE	D0
9331-LI-5-G2	/vast/palmer/pi/kleinstein/bhs27/CMI-Flu/dataset/aim3/gem2/9331-LI-5/vdj_t/airr_rearrangement.tsv	s9331	human	TR	blood	NA	NA	peters_lab	TRUE	D7
9553-LI-2-G2	/vast/palmer/pi/kleinstein/bhs27/CMI-Flu/dataset/aim3/gem2/9553-LI-2/vdj_t/airr_rearrangement.tsv	s9553	human	TR	blood	NA	NA	peters_lab	TRUE	D0
9553-LI-5-G2	/vast/palmer/pi/kleinstein/bhs27/CMI-Flu/dataset/aim3/gem2/9553-LI-5/vdj_t/airr_rearrangement.tsv	s9553	human	TR	blood	NA	NA	peters_lab	TRUE	D7
9554-LI-2-G2	/vast/palmer/pi/kleinstein/bhs27/CMI-Flu/dataset/aim3/gem2/9554-LI-2/vdj_t/airr_rearrangement.tsv	s9554	human	TR	blood	NA	NA	peters_lab	TRUE	D0
9554-LI-5-G2	/vast/palmer/pi/kleinstein/bhs27/CMI-Flu/dataset/aim3/gem2/9554-LI-5/vdj_t/airr_rearrangement.tsv	s9554	human	TR	blood	NA	NA	peters_lab	TRUE	D7
9556-LI-2-G2	/vast/palmer/pi/kleinstein/bhs27/CMI-Flu/dataset/aim3/gem2/9556-LI-2/vdj_t/airr_rearrangement.tsv	s9556	human	TR	blood	NA	NA	peters_lab	TRUE	D0
9556-LI-5-G2	/vast/palmer/pi/kleinstein/bhs27/CMI-Flu/dataset/aim3/gem2/9556-LI-5/vdj_t/airr_rearrangement.tsv	s9556	human	TR	blood	NA	NA	peters_lab	TRUE	D7
3691-LI-2-G1	/vast/palmer/pi/kleinstein/bhs27/CMI-Flu/dataset/aim4/gem1/3691-LI-2/vdj_t/airr_rearrangement.tsv	s3691	human	TR	blood	NA	NA	peters_lab	TRUE	D0
3691-LI-5-G1	/vast/palmer/pi/kleinstein/bhs27/CMI-Flu/dataset/aim4/gem1/3691-LI-5/vdj_t/airr_rearrangement.tsv	s3691	human	TR	blood	NA	NA	peters_lab	TRUE	D7
6049-LI-2-G1	/vast/palmer/pi/kleinstein/bhs27/CMI-Flu/dataset/aim4/gem1/6049-LI-2/vdj_t/airr_rearrangement.tsv	s6049	human	TR	blood	NA	NA	peters_lab	TRUE	D0
6049-LI-5-G1	/vast/palmer/pi/kleinstein/bhs27/CMI-Flu/dataset/aim4/gem1/6049-LI-5/vdj_t/airr_rearrangement.tsv	s6049	human	TR	blood	NA	NA	peters_lab	TRUE	D7
7161-LI-2-G1	/vast/palmer/pi/kleinstein/bhs27/CMI-Flu/dataset/aim4/gem1/7161-LI-2/vdj_t/airr_rearrangement.tsv	s7161	human	TR	blood	NA	NA	peters_lab	TRUE	D0
7161-LI-5-G1	/vast/palmer/pi/kleinstein/bhs27/CMI-Flu/dataset/aim4/gem1/7161-LI-5/vdj_t/airr_rearrangement.tsv	s7161	human	TR	blood	NA	NA	peters_lab	TRUE	D7
7673-LI-2-G1	/vast/palmer/pi/kleinstein/bhs27/CMI-Flu/dataset/aim4/gem1/7673-LI-2/vdj_t/airr_rearrangement.tsv	s7673	human	TR	blood	NA	NA	peters_lab	TRUE	D0
7673-LI-5-G1	/vast/palmer/pi/kleinstein/bhs27/CMI-Flu/dataset/aim4/gem1/7673-LI-5/vdj_t/airr_rearrangement.tsv	s7673	human	TR	blood	NA	NA	peters_lab	TRUE	D7
9098-LI-2-G1	/vast/palmer/pi/kleinstein/bhs27/CMI-Flu/dataset/aim4/gem1/9098-LI-2/vdj_t/airr_rearrangement.tsv	s9098	human	TR	blood	NA	NA	peters_lab	TRUE	D0
9098-LI-5-G1	/vast/palmer/pi/kleinstein/bhs27/CMI-Flu/dataset/aim4/gem1/9098-LI-5/vdj_t/airr_rearrangement.tsv	s9098	human	TR	blood	NA	NA	peters_lab	TRUE	D7
9244-LI-2-G1	/vast/palmer/pi/kleinstein/bhs27/CMI-Flu/dataset/aim4/gem1/9244-LI-2/vdj_t/airr_rearrangement.tsv	s9244	human	TR	blood	NA	NA	peters_lab	TRUE	D0
9244-LI-5-G1	/vast/palmer/pi/kleinstein/bhs27/CMI-Flu/dataset/aim4/gem1/9244-LI-5/vdj_t/airr_rearrangement.tsv	s9244	human	TR	blood	NA	NA	peters_lab	TRUE	D7
9558-LI-2-G1	/vast/palmer/pi/kleinstein/bhs27/CMI-Flu/dataset/aim4/gem1/9558-LI-2/vdj_t/airr_rearrangement.tsv	s9558	human	TR	blood	NA	NA	peters_lab	TRUE	D0
9558-LI-5-G1	/vast/palmer/pi/kleinstein/bhs27/CMI-Flu/dataset/aim4/gem1/9558-LI-5/vdj_t/airr_rearrangement.tsv	s9558	human	TR	blood	NA	NA	peters_lab	TRUE	D7
9559-LI-2-G1	/vast/palmer/pi/kleinstein/bhs27/CMI-Flu/dataset/aim4/gem1/9559-LI-2/vdj_t/airr_rearrangement.tsv	s9559	human	TR	blood	NA	NA	peters_lab	TRUE	D0
9559-LI-5-G1	/vast/palmer/pi/kleinstein/bhs27/CMI-Flu/dataset/aim4/gem1/9559-LI-5/vdj_t/airr_rearrangement.tsv	s9559	human	TR	blood	NA	NA	peters_lab	TRUE	D7
9560-LI-2-G1	/vast/palmer/pi/kleinstein/bhs27/CMI-Flu/dataset/aim4/gem1/9560-LI-2/vdj_t/airr_rearrangement.tsv	s9560	human	TR	blood	NA	NA	peters_lab	TRUE	D0
9560-LI-5-G1	/vast/palmer/pi/kleinstein/bhs27/CMI-Flu/dataset/aim4/gem1/9560-LI-5/vdj_t/airr_rearrangement.tsv	s9560	human	TR	blood	NA	NA	peters_lab	TRUE	D7
9562-LI-2-G1	/vast/palmer/pi/kleinstein/bhs27/CMI-Flu/dataset/aim4/gem1/9562-LI-2/vdj_t/airr_rearrangement.tsv	s9562	human	TR	blood	NA	NA	peters_lab	TRUE	D0
9562-LI-5-G1	/vast/palmer/pi/kleinstein/bhs27/CMI-Flu/dataset/aim4/gem1/9562-LI-5/vdj_t/airr_rearrangement.tsv	s9562	human	TR	blood	NA	NA	peters_lab	TRUE	D7
3691-LI-2-G2	/vast/palmer/pi/kleinstein/bhs27/CMI-Flu/dataset/aim4/gem2/3691-LI-2/vdj_t/airr_rearrangement.tsv	s3691	human	TR	blood	NA	NA	peters_lab	TRUE	D0
3691-LI-5-G2	/vast/palmer/pi/kleinstein/bhs27/CMI-Flu/dataset/aim4/gem2/3691-LI-5/vdj_t/airr_rearrangement.tsv	s3691	human	TR	blood	NA	NA	peters_lab	TRUE	D7
6049-LI-2-G2	/vast/palmer/pi/kleinstein/bhs27/CMI-Flu/dataset/aim4/gem2/6049-LI-2/vdj_t/airr_rearrangement.tsv	s6049	human	TR	blood	NA	NA	peters_lab	TRUE	D0
6049-LI-5-G2	/vast/palmer/pi/kleinstein/bhs27/CMI-Flu/dataset/aim4/gem2/6049-LI-5/vdj_t/airr_rearrangement.tsv	s6049	human	TR	blood	NA	NA	peters_lab	TRUE	D7
7161-LI-2-G2	/vast/palmer/pi/kleinstein/bhs27/CMI-Flu/dataset/aim4/gem2/7161-LI-2/vdj_t/airr_rearrangement.tsv	s7161	human	TR	blood	NA	NA	peters_lab	TRUE	D0
7161-LI-5-G2	/vast/palmer/pi/kleinstein/bhs27/CMI-Flu/dataset/aim4/gem2/7161-LI-5/vdj_t/airr_rearrangement.tsv	s7161	human	TR	blood	NA	NA	peters_lab	TRUE	D7
7673-LI-2-G2	/vast/palmer/pi/kleinstein/bhs27/CMI-Flu/dataset/aim4/gem2/7673-LI-2/vdj_t/airr_rearrangement.tsv	s7673	human	TR	blood	NA	NA	peters_lab	TRUE	D0
7673-LI-5-G2	/vast/palmer/pi/kleinstein/bhs27/CMI-Flu/dataset/aim4/gem2/7673-LI-5/vdj_t/airr_rearrangement.tsv	s7673	human	TR	blood	NA	NA	peters_lab	TRUE	D7
9098-LI-2-G2	/vast/palmer/pi/kleinstein/bhs27/CMI-Flu/dataset/aim4/gem2/9098-LI-2/vdj_t/airr_rearrangement.tsv	s9098	human	TR	blood	NA	NA	peters_lab	TRUE	D0
9098-LI-5-G2	/vast/palmer/pi/kleinstein/bhs27/CMI-Flu/dataset/aim4/gem2/9098-LI-5/vdj_t/airr_rearrangement.tsv	s9098	human	TR	blood	NA	NA	peters_lab	TRUE	D7
9244-LI-2-G2	/vast/palmer/pi/kleinstein/bhs27/CMI-Flu/dataset/aim4/gem2/9244-LI-2/vdj_t/airr_rearrangement.tsv	s9244	human	TR	blood	NA	NA	peters_lab	TRUE	D0
9244-LI-5-G2	/vast/palmer/pi/kleinstein/bhs27/CMI-Flu/dataset/aim4/gem2/9244-LI-5/vdj_t/airr_rearrangement.tsv	s9244	human	TR	blood	NA	NA	peters_lab	TRUE	D7
9558-LI-2-G2	/vast/palmer/pi/kleinstein/bhs27/CMI-Flu/dataset/aim4/gem2/9558-LI-2/vdj_t/airr_rearrangement.tsv	s9558	human	TR	blood	NA	NA	peters_lab	TRUE	D0
9558-LI-5-G2	/vast/palmer/pi/kleinstein/bhs27/CMI-Flu/dataset/aim4/gem2/9558-LI-5/vdj_t/airr_rearrangement.tsv	s9558	human	TR	blood	NA	NA	peters_lab	TRUE	D7
9559-LI-2-G2	/vast/palmer/pi/kleinstein/bhs27/CMI-Flu/dataset/aim4/gem2/9559-LI-2/vdj_t/airr_rearrangement.tsv	s9559	human	TR	blood	NA	NA	peters_lab	TRUE	D0
9559-LI-5-G2	/vast/palmer/pi/kleinstein/bhs27/CMI-Flu/dataset/aim4/gem2/9559-LI-5/vdj_t/airr_rearrangement.tsv	s9559	human	TR	blood	NA	NA	peters_lab	TRUE	D7
9560-LI-2-G2	/vast/palmer/pi/kleinstein/bhs27/CMI-Flu/dataset/aim4/gem2/9560-LI-2/vdj_t/airr_rearrangement.tsv	s9560	human	TR	blood	NA	NA	peters_lab	TRUE	D0
9560-LI-5-G2	/vast/palmer/pi/kleinstein/bhs27/CMI-Flu/dataset/aim4/gem2/9560-LI-5/vdj_t/airr_rearrangement.tsv	s9560	human	TR	blood	NA	NA	peters_lab	TRUE	D7
9562-LI-2-G2	/vast/palmer/pi/kleinstein/bhs27/CMI-Flu/dataset/aim4/gem2/9562-LI-2/vdj_t/airr_rearrangement.tsv	s9562	human	TR	blood	NA	NA	peters_lab	TRUE	D0
9562-LI-5-G2	/vast/palmer/pi/kleinstein/bhs27/CMI-Flu/dataset/aim4/gem2/9562-LI-5/vdj_t/airr_rearrangement.tsv	s9562	human	TR	blood	NA	NA	peters_lab	TRUE	D7
